{"cpu_time_ms":0,"gc_time_ms":0,"real_time_ms":0,"result":{"#f":0.984182776801406,"#t":0.015817223198594025}}